{
  "values": [
    [
      18.1188136291051,
      -111.309108578425
    ],
    [
      18.257655112853,
      -111.327509571003
    ],
    [
      18.3964965966009,
      -111.340754321557
    ],
    [
      18.5353380803489,
      -111.371294755069
    ],
    [
      18.6741795640968,
      -111.378280875342
    ],
    [
      18.8130210478447,
      -111.366644695008
    ],
    [
      18.9518625315926,
      -111.389554628161
    ],
    [
      19.0907040153405,
      -111.420307464536
    ],
    [
      19.2295454990885,
      -111.421858083143
    ],
    [
      19.3683869828365,
      -111.416237049586
    ],
    [
      19.5072284665844,
      -111.442485811245
    ],
    [
      19.6460699503323,
      -111.448916107577
    ],
    [
      19.7849114340802,
      -111.45693607349
    ],
    [
      19.9237529178282,
      -111.462272713525
    ],
    [
      20.0625944015761,
      -111.469404640134
    ],
    [
      20.2014358853237,
      -111.465554366099
    ],
    [
      20.3402773690716,
      -111.474363832188
    ],
    [
      20.4791188528201,
      -111.475954624479
    ],
    [
      20.6179603365678,
      -111.480472524764
    ],
    [
      20.756801820316,
      -111.484353431022
    ],
    [
      20.8956433040636,
      -111.484627277352
    ],
    [
      21.0344847878117,
      -111.48284492503
    ],
    [
      21.1733262715594,
      -111.480634055459
    ],
    [
      21.3121677553077,
      -111.478393987816
    ],
    [
      21.4510092390552,
      -111.474245223349
    ],
    [
      21.5898507228031,
      -111.47702917153
    ],
    [
      21.7286922065512,
      -111.476962174706
    ],
    [
      21.8675336902989,
      -111.473615634207
    ],
    [
      22.0063751740471,
      -111.475611776396
    ],
    [
      22.1452166577952,
      -111.468610094533
    ]
  ],
  "eos_fit": {
    "eos": "birch_murnaghan",
    "params": {
      "E0": -111.48289655963865,
      "V0": 21.100448502437256,
      "B0": 0.6627189819525813,
      "B0P": 3.3407343759121373
    }
  },
  "label": null
}
