{
  "values": [
    [
      18.1188136291051,
      -111.44522506721
    ],
    [
      18.257655112853,
      -111.447052013753
    ],
    [
      18.3964965966009,
      -111.462966608127
    ],
    [
      18.5353380803489,
      -111.463252322267
    ],
    [
      18.6741795640968,
      -111.481575083289
    ],
    [
      18.8130210478447,
      -111.48775588747
    ],
    [
      18.9518625315926,
      -111.492468242468
    ],
    [
      19.0907040153405,
      -111.500398697063
    ],
    [
      19.2295454990885,
      -111.508397164868
    ],
    [
      19.3683869828365,
      -111.515882944474
    ],
    [
      19.5072284665844,
      -111.521732172758
    ],
    [
      19.6460699503323,
      -111.527498609491
    ],
    [
      19.7849114340802,
      -111.531897918905
    ],
    [
      19.9237529178282,
      -111.537481984568
    ],
    [
      20.0625944015761,
      -111.541789995876
    ],
    [
      20.2014358853237,
      -111.544881944555
    ],
    [
      20.3402773690716,
      -111.547551707421
    ],
    [
      20.4791188528201,
      -111.549341292828
    ],
    [
      20.6179603365678,
      -111.55115997432
    ],
    [
      20.756801820316,
      -111.546361709317
    ],
    [
      20.8956433040636,
      -111.551439346867
    ],
    [
      21.0344847878117,
      -111.551206136837
    ],
    [
      21.1733262715594,
      -111.550593506167
    ],
    [
      21.3121677553077,
      -111.54904935228
    ],
    [
      21.4510092390552,
      -111.544357223408
    ],
    [
      21.5898507228031,
      -111.550007155517
    ],
    [
      21.7286922065512,
      -111.543681959292
    ],
    [
      21.8675336902989,
      -111.544191019959
    ],
    [
      22.0063751740471,
      -111.536752096301
    ],
    [
      22.1452166577952,
      -111.533663401798
    ]
  ],
  "eos_fit": {
    "eos": "birch_murnaghan",
    "params": {
      "E0": -111.55186519147006,
      "V0": 20.98744673416284,
      "B0": 0.587644776850466,
      "B0P": -0.7655358629850624
    }
  },
  "label": null
}
