{
  "values": [
    [
      18.1188136291051,
      -111.436371645552
    ],
    [
      18.257655112853,
      -111.442186960045
    ],
    [
      18.3964965966009,
      -111.446215250505
    ],
    [
      18.5353380803489,
      -111.45407507626
    ],
    [
      18.6741795640968,
      -111.464102076636
    ],
    [
      18.8130210478447,
      -111.475497918417
    ],
    [
      18.9518625315926,
      -111.479324832459
    ],
    [
      19.0907040153405,
      -111.484847640944
    ],
    [
      19.2295454990885,
      -111.494532246578
    ],
    [
      19.3683869828365,
      -111.5015673191
    ],
    [
      19.5072284665844,
      -111.507303836447
    ],
    [
      19.6460699503323,
      -111.512674337863
    ],
    [
      19.7849114340802,
      -111.517375963151
    ],
    [
      19.9237529178282,
      -111.525323002122
    ],
    [
      20.0625944015761,
      -111.525551803593
    ],
    [
      20.2014358853237,
      -111.530803024714
    ],
    [
      20.3402773690716,
      -111.533428340619
    ],
    [
      20.4791188528201,
      -111.532977804862
    ],
    [
      20.6179603365678,
      -111.537318855477
    ],
    [
      20.756801820316,
      -111.537436323823
    ],
    [
      20.8956433040636,
      -111.539141759312
    ],
    [
      21.0344847878117,
      -111.537406597296
    ],
    [
      21.1733262715594,
      -111.53854490611
    ],
    [
      21.3121677553077,
      -111.53789285784
    ],
    [
      21.4510092390552,
      -111.530572926546
    ],
    [
      21.5898507228031,
      -111.534314552721
    ],
    [
      21.7286922065512,
      -111.531278051436
    ],
    [
      21.8675336902989,
      -111.530254925725
    ],
    [
      22.0063751740471,
      -111.527568387088
    ],
    [
      22.1452166577952,
      -111.523080550461
    ]
  ],
  "eos_fit": {
    "eos": "birch_murnaghan",
    "params": {
      "E0": -111.53900743997015,
      "V0": 21.046377775993363,
      "B0": 0.6060314692490082,
      "B0P": -2.207256054984387
    }
  },
  "label": null
}
