{
  "values": [
    [
      18.1188136291051,
      -111.264562648802
    ],
    [
      18.257655112853,
      -111.272859560642
    ],
    [
      18.3964965966009,
      -111.283087213941
    ],
    [
      18.5353380803489,
      -111.299008330601
    ],
    [
      18.6741795640968,
      -111.30850985494
    ],
    [
      18.8130210478447,
      -111.323407748307
    ],
    [
      18.9518625315926,
      -111.321273468323
    ],
    [
      19.0907040153405,
      -111.350061663619
    ],
    [
      19.2295454990885,
      -111.397395891165
    ],
    [
      19.3683869828365,
      -111.392191534999
    ],
    [
      19.5072284665844,
      -111.429344983962
    ],
    [
      19.6460699503323,
      -111.41346616233
    ],
    [
      19.7849114340802,
      -111.412464139869
    ],
    [
      19.9237529178282,
      -111.454701853627
    ],
    [
      20.0625944015761,
      -111.430221557206
    ],
    [
      20.2014358853237,
      -111.456489803222
    ],
    [
      20.3402773690716,
      -111.454239434792
    ],
    [
      20.4791188528201,
      -111.463252933783
    ],
    [
      20.6179603365678,
      -111.461674098816
    ],
    [
      20.756801820316,
      -111.463906450884
    ],
    [
      20.8956433040636,
      -111.46239162477
    ],
    [
      21.0344847878117,
      -111.467035477976
    ],
    [
      21.1733262715594,
      -111.473381165526
    ],
    [
      21.3121677553077,
      -111.465796749991
    ],
    [
      21.4510092390552,
      -111.464347989477
    ],
    [
      21.5898507228031,
      -111.46535335777
    ],
    [
      21.7286922065512,
      -111.463800961248
    ],
    [
      21.8675336902989,
      -111.454588011532
    ],
    [
      22.0063751740471,
      -111.469777059405
    ],
    [
      22.1452166577952,
      -111.457039875251
    ]
  ],
  "eos_fit": {
    "eos": "birch_murnaghan",
    "params": {
      "E0": -111.4725446109517,
      "V0": 21.211386262020063,
      "B0": 1.0734195681537126,
      "B0P": -1.3126284482974329
    }
  },
  "label": null
}
