{
  "values": [
    [
      18.1188136291051,
      -111.425821021607
    ],
    [
      18.257655112853,
      -111.417822203849
    ],
    [
      18.3964965966009,
      -111.43345148037
    ],
    [
      18.5353380803489,
      -111.437720444688
    ],
    [
      18.6741795640968,
      -111.446379400397
    ],
    [
      18.8130210478447,
      -111.462757826778
    ],
    [
      18.9518625315926,
      -111.465574516042
    ],
    [
      19.0907040153405,
      -111.478659120499
    ],
    [
      19.2295454990885,
      -111.478103627451
    ],
    [
      19.3683869828365,
      -111.487016814254
    ],
    [
      19.5072284665844,
      -111.493091935796
    ],
    [
      19.6460699503323,
      -111.499549506222
    ],
    [
      19.7849114340802,
      -111.506467362386
    ],
    [
      19.9237529178282,
      -111.507567250483
    ],
    [
      20.0625944015761,
      -111.515455373034
    ],
    [
      20.2014358853237,
      -111.514005832746
    ],
    [
      20.3402773690716,
      -111.517137250367
    ],
    [
      20.4791188528201,
      -111.520966282903
    ],
    [
      20.6179603365678,
      -111.522952618399
    ],
    [
      20.756801820316,
      -111.523942859281
    ],
    [
      20.8956433040636,
      -111.52416865955
    ],
    [
      21.0344847878117,
      -111.524508947569
    ],
    [
      21.1733262715594,
      -111.523878274163
    ],
    [
      21.3121677553077,
      -111.523521645171
    ],
    [
      21.4510092390552,
      -111.522493101776
    ],
    [
      21.5898507228031,
      -111.521156224791
    ],
    [
      21.7286922065512,
      -111.520592928544
    ],
    [
      21.8675336902989,
      -111.514838414485
    ],
    [
      22.0063751740471,
      -111.513989534491
    ],
    [
      22.1452166577952,
      -111.511147669579
    ]
  ],
  "eos_fit": {
    "eos": "birch_murnaghan",
    "params": {
      "E0": -111.52543877549063,
      "V0": 21.06392318267509,
      "B0": 0.5824004724921211,
      "B0P": -1.477034302524016
    }
  },
  "label": null
}
