{
  "values": [
    [
      18.1188136291051,
      -111.442416234982
    ],
    [
      18.257655112853,
      -111.454298943104
    ],
    [
      18.3964965966009,
      -111.471192493067
    ],
    [
      18.5353380803489,
      -111.487939419541
    ],
    [
      18.6741795640968,
      -111.48686705541
    ],
    [
      18.8130210478447,
      -111.496847625977
    ],
    [
      18.9518625315926,
      -111.504985371501
    ],
    [
      19.0907040153405,
      -111.514147390601
    ],
    [
      19.2295454990885,
      -111.522017585319
    ],
    [
      19.3683869828365,
      -111.529418540708
    ],
    [
      19.5072284665844,
      -111.535521017089
    ],
    [
      19.6460699503323,
      -111.540938978798
    ],
    [
      19.7849114340802,
      -111.545561948633
    ],
    [
      19.9237529178282,
      -111.551370664139
    ],
    [
      20.0625944015761,
      -111.555541061368
    ],
    [
      20.2014358853237,
      -111.558860933863
    ],
    [
      20.3402773690716,
      -111.561453018056
    ],
    [
      20.4791188528201,
      -111.563475621032
    ],
    [
      20.6179603365678,
      -111.56480748899
    ],
    [
      20.756801820316,
      -111.561442589342
    ],
    [
      20.8956433040636,
      -111.56478129126
    ],
    [
      21.0344847878117,
      -111.564376884143
    ],
    [
      21.1733262715594,
      -111.564051245366
    ],
    [
      21.3121677553077,
      -111.560912219607
    ],
    [
      21.4510092390552,
      -111.555576383784
    ],
    [
      21.5898507228031,
      -111.558462808547
    ],
    [
      21.7286922065512,
      -111.550814037352
    ],
    [
      21.8675336902989,
      -111.555289360094
    ],
    [
      22.0063751740471,
      -111.547237148888
    ],
    [
      22.1452166577952,
      -111.546651227992
    ]
  ],
  "eos_fit": {
    "eos": "birch_murnaghan",
    "params": {
      "E0": -111.56408956816195,
      "V0": 20.89725270530923,
      "B0": 0.5665379963968666,
      "B0P": 2.086493433962976
    }
  },
  "label": null
}
