{
  "values": [
    [
      18.1188136291051,
      -111.395720542542
    ],
    [
      18.257655112853,
      -111.402783819423
    ],
    [
      18.3964965966009,
      -111.416064032278
    ],
    [
      18.5353380803489,
      -111.417075992994
    ],
    [
      18.6741795640968,
      -111.436321635358
    ],
    [
      18.8130210478447,
      -111.446887949927
    ],
    [
      18.9518625315926,
      -111.44803561371
    ],
    [
      19.0907040153405,
      -111.45860831782
    ],
    [
      19.2295454990885,
      -111.477418363157
    ],
    [
      19.3683869828365,
      -111.477083742608
    ],
    [
      19.5072284665844,
      -111.480006490086
    ],
    [
      19.6460699503323,
      -111.48505451018
    ],
    [
      19.7849114340802,
      -111.492977920149
    ],
    [
      19.9237529178282,
      -111.496166018915
    ],
    [
      20.0625944015761,
      -111.490717740795
    ],
    [
      20.2014358853237,
      -111.502103717207
    ],
    [
      20.3402773690716,
      -111.503670644173
    ],
    [
      20.4791188528201,
      -111.507548624641
    ],
    [
      20.6179603365678,
      -111.508182935529
    ],
    [
      20.756801820316,
      -111.509591099282
    ],
    [
      20.8956433040636,
      -111.508395944584
    ],
    [
      21.0344847878117,
      -111.507809415503
    ],
    [
      21.1733262715594,
      -111.509440232297
    ],
    [
      21.3121677553077,
      -111.508531071798
    ],
    [
      21.4510092390552,
      -111.508057947819
    ],
    [
      21.5898507228031,
      -111.506830751998
    ],
    [
      21.7286922065512,
      -111.506412579313
    ],
    [
      21.8675336902989,
      -111.501071863171
    ],
    [
      22.0063751740471,
      -111.49877721008
    ],
    [
      22.1452166577952,
      -111.497799619613
    ]
  ],
  "eos_fit": {
    "eos": "birch_murnaghan",
    "params": {
      "E0": -111.50968321679008,
      "V0": 21.036333799160825,
      "B0": 0.47413122180924633,
      "B0P": 3.2268410124364864
    }
  },
  "label": null
}
