{
  "ev_curves": [
    {
      "label": "mp-149",
      "values": [
        [
          18.087673633742476,
          -5.331915665
        ],
        [
          18.658824870287006,
          -5.3744186
        ],
        [
          19.241874728438013,
          -5.403353105
        ],
        [
          19.836934347195406,
          -5.420058145
        ],
        [
          20.44414921504458,
          -5.425263555
        ],
        [
          21.063630702696003,
          -5.42036228
        ],
        [
          21.69548923990683,
          -5.40610838
        ],
        [
          22.339871726590797,
          -5.3836163
        ]
      ],
      "eos_fit": {
        "eos": "mie_gruneisen",
        "params": {
          "E0": -5.424174243642085,
          "V0": 20.457825799402055,
          "B": 4.885893291144977,
          "C": 5.779859901782757
        }
      }
    },
    {
      "values": [
        [
          18.852954158375,
          -111.746637450983
        ],
        [
          18.980746296875,
          -111.754795737308
        ],
        [
          19.098395217,
          -111.761613188401
        ],
        [
          19.227292839,
          -111.768351496065
        ],
        [
          19.356769125,
          -111.774382253335
        ],
        [
          19.486825371,
          -111.779726007159
        ],
        [
          19.606554182125,
          -111.784036591773
        ],
        [
          19.737725640625,
          -111.788112495982
        ],
        [
          19.858478912,
          -111.791285401772
        ],
        [
          19.990770344,
          -111.794142223775
        ],
        [
          20.112552439875,
          -111.796213873475
        ],
        [
          20.245968606375,
          -111.797883176666
        ],
        [
          20.368783891,
          -111.798876222491
        ],
        [
          20.492094852125,
          -111.799358867205
        ],
        [
          20.627182390625,
          -111.799306727876
        ],
        [
          20.751532992,
          -111.798731615115
        ],
        [
          20.876382355375,
          -111.797655309878
        ],
        [
          21.001731479,
          -111.796081320628
        ],
        [
          21.127581361125,
          -111.794013632164
        ],
        [
          21.253933,
          -111.791456623469
        ]
      ],
      "eos_fit": {
        "eos": "birch_murnaghan",
        "params": {
          "E0": -111.79938686583988,
          "V0": 20.543799088053788,
          "B0": 0.6727330893866126,
          "B0P": 3.1706459574192185
        }
      },
      "label": "537693349s"
    },
    {
      "values": [
        [
          18.852954158375,
          -111.742272004998
        ],
        [
          18.980746296875,
          -111.751744643283
        ],
        [
          19.098395217,
          -111.759608996183
        ],
        [
          19.227292839,
          -111.767292181971
        ],
        [
          19.356769125,
          -111.774051851448
        ],
        [
          19.486825371,
          -111.779911467947
        ],
        [
          19.606554182125,
          -111.784519450912
        ],
        [
          19.737725640625,
          -111.78874882826
        ],
        [
          19.858478912,
          -111.791928842193
        ],
        [
          19.990770344,
          -111.794677320201
        ],
        [
          20.112552439875,
          -111.796571324498
        ],
        [
          20.245968606375,
          -111.797993275539
        ],
        [
          20.368783891,
          -111.798737962574
        ],
        [
          20.492094852125,
          -111.798975989248
        ],
        [
          20.627182390625,
          -111.798685994878
        ],
        [
          20.751532992,
          -111.797938659691
        ],
        [
          20.876382355375,
          -111.796748622356
        ],
        [
          21.001731479,
          -111.795129653822
        ],
        [
          21.127581361125,
          -111.79309180683
        ],
        [
          21.253933,
          -111.790641756423
        ]
      ],
      "eos_fit": {
        "eos": "birch_murnaghan",
        "params": {
          "E0": -111.79900451345198,
          "V0": 20.488333555922278,
          "B0": 0.6605990820322831,
          "B0P": 9.161482820680343
        }
      },
      "label": "260222622s"
    },
    {
      "values": [
        [
          18.852954158375,
          -111.739604358217
        ],
        [
          18.980746296875,
          -111.749775048441
        ],
        [
          19.098395217,
          -111.758261346872
        ],
        [
          19.227292839,
          -111.766641929456
        ],
        [
          19.356769125,
          -111.774139494654
        ],
        [
          19.486825371,
          -111.780782290434
        ],
        [
          19.606554182125,
          -111.786140590493
        ],
        [
          19.737725640625,
          -111.791206123773
        ],
        [
          19.858478912,
          -111.795146883575
        ],
        [
          19.990770344,
          -111.798690051453
        ],
        [
          20.112552439875,
          -111.801252574594
        ],
        [
          20.245968606375,
          -111.803307330172
        ],
        [
          20.368783891,
          -111.804517497323
        ],
        [
          20.492094852125,
          -111.805089023694
        ],
        [
          20.627182390625,
          -111.804990926947
        ],
        [
          20.751532992,
          -111.804246630395
        ],
        [
          20.876382355375,
          -111.802884177238
        ],
        [
          21.001731479,
          -111.800912374701
        ],
        [
          21.127581361125,
          -111.798341738623
        ],
        [
          21.253933,
          -111.795183870709
        ]
      ],
      "eos_fit": {
        "eos": "birch_murnaghan",
        "params": {
          "E0": -111.80511200295247,
          "V0": 20.539808773488918,
          "B0": 0.8366735169674887,
          "B0P": 3.284424882847976
        }
      },
      "label": "836424474s"
    }
  ]
}
